material_id,material_name,category,supplier,country_origin,current_stock,reorder_point,lead_time_days,unit_price_eur,last_order_date,consumption_rate_daily,hs_code
MAT_0001,Flyknit Yarn 2.0 Black,Yarn,Toray Industries,JP,750,568,36,19.16,2026-01-13,90,540233
MAT_0002,Flyknit Yarn 2.0 White,Yarn,Toray Industries,JP,1594,651,39,18.68,2026-02-22,97,540233
MAT_0003,Flyknit Yarn 2.0 Volt,Yarn,Toray Industries,JP,674,501,45,18.75,2026-02-20,67,540233
MAT_0004,EVA Foam Sheet 8mm,Foam,Foam Italia,IT,757,356,16,4.18,2026-01-21,110,391590
MAT_0005,EVA Foam Sheet 12mm,Foam,Foam Italia,IT,79,148,8,5.27,2026-01-26,103,391590
MAT_0006,TPU Film Clear 0.3mm,Film,Covestro AG,DE,92,81,8,9.42,2026-01-14,61,392062
MAT_0007,TPU Film Matte 0.3mm,Film,Covestro AG,DE,87,108,13,9.37,2026-01-13,38,392062
MAT_0008,Polyester Mesh 150D,Textile,Far Eastern Textile,TW,1814,989,41,3.28,2026-02-18,148,600632
MAT_0009,Polyester Mesh 300D,Textile,Far Eastern Textile,TW,914,776,38,3.79,2026-02-08,99,600632
MAT_0010,Rubber Sole Sheet CR,Sole,Gomma Padana,IT,218,156,12,12.16,2026-02-20,73,400599
MAT_0011,Rubber Sole Sheet EVA-RB,Sole,Gomma Padana,IT,466,217,18,14.08,2026-02-02,61,400599
MAT_0012,Carbon Fiber Plate 1.0mm,Composite,Toray Composite,JP,395,189,51,44.49,2026-01-09,18,681510
MAT_0013,PU Adhesive PU-400,Adhesive,Henkel AG,DE,45,66,9,15.52,2026-01-18,34,350691
MAT_0014,Hot Melt HM-200,Adhesive,Henkel AG,DE,163,91,14,22.45,2026-01-12,37,350691
MAT_0015,Flat Laces 120cm,Accessories,Zecchetto Accessori,IT,768,482,13,0.82,2026-01-31,176,560790
MAT_0016,Metal Eyelets 8mm Nickel,Accessories,Global Trim,CN,4772,3435,37,0.12,2026-01-19,539,830890
MAT_0017,NFC Tag NTAG213,Accessories,NXP Semiconductors,NL,1131,724,13,0.45,2026-01-21,282,852352
MAT_0018,Shoe Box 310x210 Kraft,Packaging,Karteks Banja Luka,BA,391,297,4,0.58,2026-02-26,389,481910
MAT_0019,Tissue Paper White 50x75,Packaging,Zhejiang Paper,CN,5958,6685,45,0.08,2026-01-08,747,480300
MAT_0020,Silica Gel 3g Sachet,Packaging,Shenzhen Minghui,CN,14626,8171,44,0.03,2026-02-10,1085,381700
MAT_0021,Nylon Bonded Thread T-70,Thread,American & Efird,US,465,371,40,6.7,2026-01-19,45,540249
MAT_0022,Polyester Core Thread T-60,Thread,Coats Group,GB,84,143,14,5.93,2026-02-26,54,540710
MAT_0023,Thermoplastic Stiffener 1.2mm,Components,Texon International,GB,363,250,18,3.38,2026-02-18,79,392190
MAT_0024,Heel Counter Moulded,Components,Texon International,GB,300,250,15,2.74,2026-02-01,93,640610
MAT_0025,Croslite Pellets Batch,Components,Crocs Inc (supplied),US,220,378,34,8.18,2026-02-06,68,391400
MAT_0026,Flyknit Yarn 2.0 Red,Yarn,Toray Industries,JP,801,429,42,18.36,2026-01-05,62,540233
MAT_0027,Flyknit Yarn 2.0 Blue,Yarn,Toray Industries,JP,819,430,40,18.51,2026-01-13,54,540233
MAT_0028,Round Laces 110cm,Accessories,Zecchetto Accessori,IT,537,234,7,0.9,2026-02-22,163,560790
MAT_0029,Shoe Box 330x230 White,Packaging,Karteks Banja Luka,BA,420,260,4,0.7,2026-02-09,387,481910
MAT_0030,EVA Foam Sheet 6mm,Foam,Foam Italia,IT,198,104,7,3.77,2026-01-14,83,391590
MAT_0031,EVA Foam Sheet 12mm v2,Foam,Foam Italia,IT,85,175,14,4.49,2026-02-12,67,391590
MAT_0032,Flat Laces 120cm Charcoal,Accessories,Zecchetto Accessori,IT,99,131,9,0.77,2026-01-06,78,560790
MAT_0033,Polyester Mesh 300D Narrow,Textile,Far Eastern Textile,TW,319,713,42,3.69,2026-02-14,91,600632
MAT_0034,Shoe Box 330x230 White Lite,Packaging,Karteks Banja Luka,BA,104,73,3,0.81,2026-01-15,131,481910
MAT_0035,Hot Melt HM-200 S,Adhesive,Henkel AG,DE,46,42,12,22.35,2026-01-10,18,350691
MAT_0036,Metal Eyelets 8mm Nickel L,Accessories,Global Trim,CN,2018,2907,30,0.1,2025-12-10,521,830890
MAT_0037,Rubber Sole Sheet CR Eco,Sole,Gomma Padana,IT,101,57,8,13.57,2025-12-25,38,400599
MAT_0038,Polyester Core Thread T-60 Wide,Thread,Coats Group,GB,115,241,21,5.15,2026-02-07,61,540710
MAT_0039,EVA Foam Sheet 12mm Lite,Foam,Foam Italia,IT,222,209,11,5.82,2026-02-09,102,391590
MAT_0040,Shoe Box 330x230 White Eco,Packaging,Karteks Banja Luka,BA,128,172,5,0.74,2025-12-06,185,481910
MAT_0041,Metal Eyelets 8mm Nickel Charcoal,Accessories,Global Trim,CN,7267,3685,36,0.14,2025-12-14,551,830890
MAT_0042,Flyknit Yarn 2.0 Blue Cream,Yarn,Toray Industries,JP,393,220,35,19.19,2025-12-21,33,540233
MAT_0043,PU Adhesive PU-400 Ultra,Adhesive,Henkel AG,DE,63,27,7,17.78,2025-12-05,21,350691
MAT_0044,Polyester Mesh 150D Navy,Textile,Far Eastern Textile,TW,787,475,45,3.65,2026-02-12,56,600632
MAT_0045,Polyester Core Thread T-60 S,Thread,Coats Group,GB,297,122,12,5.56,2026-01-14,54,540710
MAT_0046,Metal Eyelets 8mm Nickel v3,Accessories,Global Trim,CN,2915,1599,34,0.1,2026-02-16,253,830890
MAT_0047,EVA Foam Sheet 6mm M,Foam,Foam Italia,IT,129,158,13,4.15,2025-12-13,65,391590
MAT_0048,Croslite Pellets Batch Wide,Components,Crocs Inc (supplied),US,338,144,31,9.42,2026-02-16,25,391400
MAT_0049,Flyknit Yarn 2.0 Volt Ultra,Yarn,Toray Industries,JP,984,409,41,19.4,2026-01-12,53,540233
MAT_0050,Flat Laces 120cm Slate,Accessories,Zecchetto Accessori,IT,131,190,13,0.91,2025-12-23,79,560790
MAT_0051,PU Adhesive PU-400 Narrow,Adhesive,Henkel AG,DE,151,110,13,16.94,2025-12-18,45,350691
MAT_0052,Silica Gel 3g Sachet Narrow,Packaging,Shenzhen Minghui,CN,12087,5830,30,0.03,2026-01-17,1046,381700
MAT_0053,TPU Film Matte 0.3mm Lite,Film,Covestro AG,DE,148,117,13,9.98,2026-01-05,48,392062
MAT_0054,EVA Foam Sheet 8mm Ultra,Foam,Foam Italia,IT,391,289,12,4.53,2026-01-11,129,391590
MAT_0055,Polyester Mesh 150D Beige,Textile,Far Eastern Textile,TW,674,1249,50,3.56,2026-02-18,134,600632
MAT_0056,Flat Laces 120cm Eco,Accessories,Zecchetto Accessori,IT,120,172,8,0.97,2025-12-08,115,560790
MAT_0057,Round Laces 110cm v3,Accessories,Zecchetto Accessori,IT,77,175,12,0.85,2026-02-17,78,560790
MAT_0058,Polyester Core Thread T-60 M,Thread,Coats Group,GB,184,101,12,5.04,2025-12-18,45,540710
MAT_0059,Carbon Fiber Plate 1.0mm M,Composite,Toray Composite,JP,101,206,51,46.2,2025-12-14,21,681510
MAT_0060,Flat Laces 120cm Cream,Accessories,Zecchetto Accessori,IT,346,272,9,0.8,2026-02-02,162,560790
MAT_0061,Flyknit Yarn 2.0 White Sand,Yarn,Toray Industries,JP,119,235,36,18.81,2025-12-15,35,540233
MAT_0062,PU Adhesive PU-400 Wide,Adhesive,Henkel AG,DE,140,57,7,18.32,2026-01-30,44,350691
MAT_0063,Croslite Pellets Batch HD,Components,Crocs Inc (supplied),US,611,401,36,9.14,2026-02-16,60,391400
MAT_0064,Rubber Sole Sheet CR Ultra,Sole,Gomma Padana,IT,247,142,17,12.65,2026-02-05,45,400599
MAT_0065,Polyester Mesh 150D Olive,Textile,Far Eastern Textile,TW,801,684,42,3.26,2026-02-07,87,600632
MAT_0066,Metal Eyelets 8mm Nickel HD,Accessories,Global Trim,CN,3049,2980,35,0.12,2025-12-19,458,830890
MAT_0067,Shoe Box 330x230 White Narrow,Packaging,Karteks Banja Luka,BA,253,116,3,0.73,2026-01-11,208,481910
MAT_0068,Flat Laces 120cm v3,Accessories,Zecchetto Accessori,IT,518,516,16,0.88,2026-02-12,173,560790
MAT_0069,Thermoplastic Stiffener 1.2mm M,Components,Texon International,GB,530,314,21,3.83,2026-02-16,80,392190
MAT_0070,Silica Gel 3g Sachet XL,Packaging,Shenzhen Minghui,CN,5989,8698,41,0.03,2025-12-04,1142,381700
MAT_0071,Shoe Box 330x230 White Wide,Packaging,Karteks Banja Luka,BA,778,326,5,0.76,2025-12-19,351,481910
MAT_0072,Flyknit Yarn 2.0 Volt Moss,Yarn,Toray Industries,JP,339,447,47,16.78,2026-02-16,51,540233
MAT_0073,NFC Tag NTAG213 Slate,Accessories,NXP Semiconductors,NL,1247,600,14,0.46,2025-12-22,231,852352
MAT_0074,Shoe Box 310x210 Kraft Narrow,Packaging,Karteks Banja Luka,BA,213,120,4,0.54,2026-02-20,162,481910
MAT_0075,Polyester Core Thread T-60 Ultra,Thread,Coats Group,GB,265,116,19,6.29,2025-12-17,33,540710
MAT_0076,Thermoplastic Stiffener 1.2mm v3,Components,Texon International,GB,74,105,13,3.42,2026-02-13,43,392190
MAT_0077,Flyknit Yarn 2.0 Volt XL,Yarn,Toray Industries,JP,732,469,44,18.7,2025-12-05,57,540233
MAT_0078,Shoe Box 330x230 White HD,Packaging,Karteks Banja Luka,BA,316,166,4,0.73,2025-12-02,223,481910
MAT_0079,Flyknit Yarn 2.0 Red L,Yarn,Toray Industries,JP,216,330,37,21.58,2026-01-16,48,540233
MAT_0080,Shoe Box 310x210 Kraft Wide,Packaging,Karteks Banja Luka,BA,214,210,4,0.51,2025-12-16,283,481910
MAT_0081,EVA Foam Sheet 6mm Eco,Foam,Foam Italia,IT,408,200,12,3.63,2026-01-10,90,391590
MAT_0082,Flyknit Yarn 2.0 White Wide,Yarn,Toray Industries,JP,659,264,40,20.8,2026-02-25,35,540233
MAT_0083,Tissue Paper White 50x75 Wide,Packaging,Zhejiang Paper,CN,2365,3378,44,0.07,2025-12-13,413,480300
MAT_0084,Heel Counter Moulded M,Components,Texon International,GB,122,297,20,3.27,2026-02-24,80,640610
MAT_0085,EVA Foam Sheet 12mm Wide,Foam,Foam Italia,IT,290,133,14,5.77,2026-02-06,51,391590
MAT_0086,EVA Foam Sheet 6mm S,Foam,Foam Italia,IT,121,250,16,4.16,2026-01-18,84,391590
MAT_0087,TPU Film Matte 0.3mm Navy,Film,Covestro AG,DE,194,89,11,9.65,2026-01-02,43,392062
MAT_0088,Hot Melt HM-200 Wide,Adhesive,Henkel AG,DE,85,45,13,20.19,2026-01-12,19,350691
MAT_0089,EVA Foam Sheet 6mm XL,Foam,Foam Italia,IT,198,88,7,3.3,2026-02-24,68,391590
MAT_0090,Hot Melt HM-200 L,Adhesive,Henkel AG,DE,58,24,8,19.41,2026-01-06,16,350691
MAT_0091,Hot Melt HM-200 HD,Adhesive,Henkel AG,DE,138,58,11,23.6,2026-02-15,28,350691
MAT_0092,NFC Tag NTAG213 Coral,Accessories,NXP Semiconductors,NL,1520,640,13,0.49,2026-02-13,265,852352
MAT_0093,Nylon Bonded Thread T-70 Ultra,Thread,American & Efird,US,122,125,32,5.8,2026-02-19,21,540249
MAT_0094,Heel Counter Moulded Eco,Components,Texon International,GB,161,189,17,2.78,2025-12-05,60,640610
MAT_0095,Shoe Box 310x210 Kraft Eco,Packaging,Karteks Banja Luka,BA,131,150,3,0.52,2026-01-16,270,481910
MAT_0096,Flyknit Yarn 2.0 Volt Eco,Yarn,Toray Industries,JP,800,452,46,20.82,2026-01-04,52,540233
MAT_0097,Rubber Sole Sheet CR Wide,Sole,Gomma Padana,IT,134,116,13,13.03,2026-01-03,48,400599
MAT_0098,Thermoplastic Stiffener 1.2mm Ultra,Components,Texon International,GB,390,188,18,4.1,2026-01-12,56,392190
MAT_0099,Polyester Mesh 150D Teal,Textile,Far Eastern Textile,TW,252,458,47,3.27,2025-12-12,52,600632
MAT_0100,Flyknit Yarn 2.0 Red S,Yarn,Toray Industries,JP,292,276,45,17.83,2026-02-12,33,540233
MAT_0101,Flyknit Yarn 2.0 White Narrow,Yarn,Toray Industries,JP,739,626,35,20.74,2025-12-26,96,540233
MAT_0102,EVA Foam Sheet 12mm XL,Foam,Foam Italia,IT,376,151,13,4.55,2025-12-04,62,391590
MAT_0103,Carbon Fiber Plate 1.0mm XL,Composite,Toray Composite,JP,66,90,50,38.42,2026-01-12,9,681510
MAT_0104,Polyester Core Thread T-60 L,Thread,Coats Group,GB,352,163,20,6.94,2025-12-18,44,540710
MAT_0105,EVA Foam Sheet 6mm v2,Foam,Foam Italia,IT,192,97,10,3.83,2026-02-20,52,391590
MAT_0106,Flyknit Yarn 2.0 White Lite,Yarn,Toray Industries,JP,783,340,44,16.43,2025-12-06,41,540233
MAT_0107,Flyknit Yarn 2.0 White v3,Yarn,Toray Industries,JP,977,681,55,17.33,2026-01-06,66,540233
MAT_0108,Flyknit Yarn 2.0 Black Charcoal,Yarn,Toray Industries,JP,971,551,40,21.19,2026-01-22,74,540233
MAT_0109,Nylon Bonded Thread T-70 Wide,Thread,American & Efird,US,233,210,36,5.66,2026-01-10,31,540249
MAT_0110,Round Laces 110cm M,Accessories,Zecchetto Accessori,IT,623,427,12,1.01,2026-01-20,192,560790
MAT_0111,Round Laces 110cm Slate,Accessories,Zecchetto Accessori,IT,398,263,13,1.03,2026-01-14,109,560790
MAT_0112,Metal Eyelets 8mm Nickel Grey,Accessories,Global Trim,CN,2241,2900,36,0.14,2026-02-27,433,830890
MAT_0113,Rubber Sole Sheet EVA-RB M,Sole,Gomma Padana,IT,214,205,15,11.85,2026-01-19,73,400599
MAT_0114,Flyknit Yarn 2.0 Black v3,Yarn,Toray Industries,JP,1145,673,49,20.28,2025-12-02,73,540233
MAT_0115,Flyknit Yarn 2.0 Blue Ultra,Yarn,Toray Industries,JP,1235,510,50,21.69,2026-01-03,55,540233
MAT_0116,Heel Counter Moulded Ultra,Components,Texon International,GB,474,304,19,2.49,2026-01-19,86,640610
MAT_0117,EVA Foam Sheet 6mm Narrow,Foam,Foam Italia,IT,288,256,18,3.61,2025-12-23,76,391590
MAT_0118,Flyknit Yarn 2.0 White HD,Yarn,Toray Industries,JP,2578,1051,53,18.59,2026-01-17,106,540233
MAT_0119,Polyester Mesh 150D v2,Textile,Far Eastern Textile,TW,1850,888,46,2.81,2026-02-04,103,600632
MAT_0120,Round Laces 110cm HD,Accessories,Zecchetto Accessori,IT,240,382,18,0.78,2026-02-23,114,560790
MAT_0121,Round Laces 110cm Wide,Accessories,Zecchetto Accessori,IT,1054,540,15,1.01,2026-01-23,194,560790
MAT_0122,Croslite Pellets Batch v2,Components,Crocs Inc (supplied),US,109,268,28,7.92,2025-12-13,51,391400
MAT_0123,Shoe Box 330x230 White v3,Packaging,Karteks Banja Luka,BA,390,171,4,0.62,2026-01-04,231,481910
MAT_0124,Nylon Bonded Thread T-70 M,Thread,American & Efird,US,215,210,37,7.47,2025-12-14,30,540249
MAT_0125,Polyester Core Thread T-60 Lite,Thread,Coats Group,GB,123,156,14,5.49,2025-12-29,60,540710
MAT_0126,Flyknit Yarn 2.0 Volt L,Yarn,Toray Industries,JP,537,526,46,20.92,2025-12-01,61,540233
MAT_0127,Heel Counter Moulded Lite,Components,Texon International,GB,411,220,11,2.94,2025-12-24,107,640610
MAT_0128,Shoe Box 310x210 Kraft L,Packaging,Karteks Banja Luka,BA,193,166,3,0.7,2026-02-16,298,481910
MAT_0129,Flyknit Yarn 2.0 Volt Sand,Yarn,Toray Industries,JP,531,307,39,16.27,2025-12-11,42,540233
MAT_0130,Rubber Sole Sheet EVA-RB Eco,Sole,Gomma Padana,IT,152,153,13,16.36,2026-01-10,63,400599
MAT_0131,Rubber Sole Sheet EVA-RB L,Sole,Gomma Padana,IT,182,121,9,13.3,2025-12-02,72,400599
MAT_0132,Thermoplastic Stiffener 1.2mm XL,Components,Texon International,GB,170,158,20,3.78,2026-02-06,42,392190
MAT_0133,TPU Film Clear 0.3mm Sand,Film,Covestro AG,DE,237,115,14,8.54,2026-01-06,44,392062
MAT_0134,Flyknit Yarn 2.0 Red Ultra,Yarn,Toray Industries,JP,1331,580,55,20.42,2026-02-04,56,540233
MAT_0135,Heel Counter Moulded v3,Components,Texon International,GB,235,98,15,2.93,2025-12-31,35,640610
MAT_0136,PU Adhesive PU-400 S,Adhesive,Henkel AG,DE,23,26,9,18.97,2026-02-24,15,350691
MAT_0137,Hot Melt HM-200 XL,Adhesive,Henkel AG,DE,37,31,14,21.11,2026-02-18,12,350691
MAT_0138,Heel Counter Moulded Narrow,Components,Texon International,GB,211,172,18,2.58,2026-02-07,51,640610
MAT_0139,Polyester Mesh 300D Coral,Textile,Far Eastern Textile,TW,1059,742,48,3.23,2026-02-25,83,600632
MAT_0140,Rubber Sole Sheet CR Lite,Sole,Gomma Padana,IT,191,178,13,14.04,2026-02-04,73,400599
MAT_0141,Flat Laces 120cm Wide,Accessories,Zecchetto Accessori,IT,99,199,9,0.79,2025-12-07,119,560790
MAT_0142,Flat Laces 120cm Ultra,Accessories,Zecchetto Accessori,IT,131,190,15,0.77,2026-02-26,68,560790
MAT_0143,Round Laces 110cm Grey,Accessories,Zecchetto Accessori,IT,148,87,8,0.82,2026-02-18,59,560790
MAT_0144,Flat Laces 120cm Navy,Accessories,Zecchetto Accessori,IT,210,513,13,0.9,2026-02-03,212,560790
MAT_0145,Flyknit Yarn 2.0 Red Pro,Yarn,Toray Industries,JP,522,559,55,17.05,2025-12-13,54,540233
MAT_0146,Polyester Mesh 150D XL,Textile,Far Eastern Textile,TW,1293,1116,39,3.4,2025-12-24,154,600632
MAT_0147,Croslite Pellets Batch M,Components,Crocs Inc (supplied),US,344,271,29,9.6,2026-02-08,50,391400
MAT_0148,Silica Gel 3g Sachet Wide,Packaging,Shenzhen Minghui,CN,1549,3522,31,0.03,2025-12-27,611,381700
MAT_0149,EVA Foam Sheet 12mm HD,Foam,Foam Italia,IT,648,286,16,5.6,2026-01-30,96,391590
MAT_0150,EVA Foam Sheet 12mm v3,Foam,Foam Italia,IT,104,137,8,4.59,2025-12-19,92,391590
MAT_0151,Metal Eyelets 8mm Nickel Sage,Accessories,Global Trim,CN,1808,1111,38,0.1,2025-12-01,157,830890
MAT_0152,PU Adhesive PU-400 v3,Adhesive,Henkel AG,DE,49,30,12,15.13,2026-02-16,13,350691
MAT_0153,Polyester Mesh 300D Pro,Textile,Far Eastern Textile,TW,177,200,31,4.34,2026-01-05,34,600632
MAT_0154,Flyknit Yarn 2.0 Red Narrow,Yarn,Toray Industries,JP,401,326,40,20.0,2025-12-23,43,540233
MAT_0155,Nylon Bonded Thread T-70 HD,Thread,American & Efird,US,419,328,36,6.81,2025-12-02,49,540249
MAT_0156,Round Laces 110cm Ultra,Accessories,Zecchetto Accessori,IT,224,179,7,1.02,2025-12-06,138,560790
MAT_0157,Flyknit Yarn 2.0 Volt Narrow,Yarn,Toray Industries,JP,1083,448,44,18.78,2026-02-14,54,540233
MAT_0158,Polyester Mesh 150D Moss,Textile,Far Eastern Textile,TW,777,920,34,3.68,2026-01-28,145,600632
MAT_0159,Carbon Fiber Plate 1.0mm Lite,Composite,Toray Composite,JP,260,163,46,49.93,2025-12-20,19,681510
MAT_0160,Round Laces 110cm Narrow,Accessories,Zecchetto Accessori,IT,178,91,7,1.02,2026-02-09,70,560790
MAT_0161,Hot Melt HM-200 M,Adhesive,Henkel AG,DE,208,92,15,21.6,2026-01-03,33,350691
MAT_0162,Carbon Fiber Plate 1.0mm Eco,Composite,Toray Composite,JP,217,131,43,47.84,2026-01-22,16,681510
MAT_0163,Shoe Box 310x210 Kraft XL,Packaging,Karteks Banja Luka,BA,174,142,3,0.55,2025-12-21,255,481910
MAT_0164,EVA Foam Sheet 8mm S,Foam,Foam Italia,IT,85,94,7,4.58,2025-12-05,72,391590
MAT_0165,TPU Film Clear 0.3mm Teal,Film,Covestro AG,DE,60,73,13,10.43,2025-12-03,30,392062
MAT_0166,TPU Film Clear 0.3mm Lite,Film,Covestro AG,DE,60,43,8,9.13,2026-02-23,29,392062
MAT_0167,Flyknit Yarn 2.0 Volt M,Yarn,Toray Industries,JP,198,213,48,19.45,2026-02-15,23,540233
MAT_0168,Polyester Mesh 300D Plum,Textile,Far Eastern Textile,TW,1788,726,32,4.4,2025-12-02,122,600632
MAT_0169,Rubber Sole Sheet EVA-RB XL,Sole,Gomma Padana,IT,74,48,7,12.4,2026-01-21,37,400599
MAT_0170,Thermoplastic Stiffener 1.2mm Eco,Components,Texon International,GB,86,117,16,3.18,2026-02-18,39,392190
MAT_0171,Metal Eyelets 8mm Nickel Wide,Accessories,Global Trim,CN,4185,2097,34,0.12,2026-02-25,332,830890
MAT_0172,Tissue Paper White 50x75 L,Packaging,Zhejiang Paper,CN,1717,1797,31,0.09,2026-02-12,312,480300
MAT_0173,Flyknit Yarn 2.0 Red v3,Yarn,Toray Industries,JP,516,273,38,18.7,2026-02-06,38,540233
MAT_0174,Flyknit Yarn 2.0 Blue L,Yarn,Toray Industries,JP,170,231,41,19.27,2026-02-06,30,540233
MAT_0175,Flyknit Yarn 2.0 White S,Yarn,Toray Industries,JP,969,678,53,20.42,2026-01-18,68,540233
MAT_0176,Metal Eyelets 8mm Nickel Lite,Accessories,Global Trim,CN,3263,1360,35,0.12,2026-02-16,209,830890
MAT_0177,Flyknit Yarn 2.0 Volt HD,Yarn,Toray Industries,JP,408,489,55,17.24,2026-02-13,47,540233
MAT_0178,Polyester Mesh 150D S,Textile,Far Eastern Textile,TW,1365,814,30,2.85,2026-01-30,146,600632
MAT_0179,PU Adhesive PU-400 Lite,Adhesive,Henkel AG,DE,137,70,8,14.65,2025-12-17,47,350691
MAT_0180,Carbon Fiber Plate 1.0mm HD,Composite,Toray Composite,JP,42,85,38,52.75,2025-12-07,12,681510
MAT_0181,Rubber Sole Sheet EVA-RB Wide,Sole,Gomma Padana,IT,138,164,14,14.74,2025-12-19,63,400599
MAT_0182,TPU Film Matte 0.3mm XL,Film,Covestro AG,DE,62,25,10,10.09,2026-02-03,13,392062
MAT_0183,Polyester Mesh 300D S,Textile,Far Eastern Textile,TW,571,331,39,3.84,2026-02-14,45,600632
MAT_0184,Round Laces 110cm Eco,Accessories,Zecchetto Accessori,IT,396,239,10,0.99,2025-12-31,128,560790
MAT_0185,Flyknit Yarn 2.0 Volt Pro,Yarn,Toray Industries,JP,503,276,54,18.43,2025-12-02,27,540233
MAT_0186,Flyknit Yarn 2.0 Red v2,Yarn,Toray Industries,JP,1397,563,50,18.94,2025-12-23,60,540233
MAT_0187,Silica Gel 3g Sachet M,Packaging,Shenzhen Minghui,CN,5976,4794,41,0.04,2025-12-24,629,381700
MAT_0188,Flyknit Yarn 2.0 Blue v3,Yarn,Toray Industries,JP,769,601,50,19.12,2026-02-11,64,540233
MAT_0189,Silica Gel 3g Sachet Eco,Packaging,Shenzhen Minghui,CN,2604,4395,34,0.03,2026-02-16,696,381700
MAT_0190,Rubber Sole Sheet CR S,Sole,Gomma Padana,IT,61,57,14,13.53,2025-12-18,22,400599
MAT_0191,TPU Film Clear 0.3mm Plum,Film,Covestro AG,DE,53,79,15,10.36,2025-12-30,28,392062
MAT_0192,Flyknit Yarn 2.0 Blue Plum,Yarn,Toray Industries,JP,834,361,37,17.66,2025-12-24,52,540233
MAT_0193,NFC Tag NTAG213 Wide,Accessories,NXP Semiconductors,NL,808,472,16,0.48,2026-02-22,158,852352
MAT_0194,Rubber Sole Sheet CR Narrow,Sole,Gomma Padana,IT,190,154,13,12.37,2026-02-25,64,400599
MAT_0195,Polyester Core Thread T-60 Narrow,Thread,Coats Group,GB,434,198,17,5.83,2026-01-29,62,540710
MAT_0196,Rubber Sole Sheet CR XL,Sole,Gomma Padana,IT,164,180,16,12.77,2026-01-29,60,400599
MAT_0197,Round Laces 110cm Rust,Accessories,Zecchetto Accessori,IT,1166,583,18,1.07,2025-12-21,174,560790
MAT_0198,EVA Foam Sheet 8mm Pro,Foam,Foam Italia,IT,236,235,12,3.92,2026-01-31,105,391590
MAT_0199,Polyester Mesh 150D Pro,Textile,Far Eastern Textile,TW,1136,515,43,3.18,2025-12-17,64,600632
MAT_0200,Flyknit Yarn 2.0 Black Sand,Yarn,Toray Industries,JP,1314,649,39,20.89,2026-02-15,89,540233
MAT_0201,Tissue Paper White 50x75 S,Packaging,Zhejiang Paper,CN,1830,2531,36,0.1,2026-02-25,378,480300
MAT_0202,PU Adhesive PU-400 Pro,Adhesive,Henkel AG,DE,72,105,12,18.82,2026-02-21,47,350691
MAT_0203,Shoe Box 310x210 Kraft M,Packaging,Karteks Banja Luka,BA,126,199,3,0.7,2025-12-26,358,481910
MAT_0204,Croslite Pellets Batch v3,Components,Crocs Inc (supplied),US,456,248,28,8.48,2026-01-14,47,391400
MAT_0205,Heel Counter Moulded v2,Components,Texon International,GB,160,268,21,3.36,2025-12-29,68,640610
MAT_0206,Rubber Sole Sheet CR M,Sole,Gomma Padana,IT,97,54,12,12.48,2025-12-22,24,400599
MAT_0207,Nylon Bonded Thread T-70 Narrow,Thread,American & Efird,US,408,207,38,6.47,2025-12-26,29,540249
MAT_0208,Croslite Pellets Batch L,Components,Crocs Inc (supplied),US,97,162,34,9.88,2025-12-11,25,391400
MAT_0209,NFC Tag NTAG213 Navy,Accessories,NXP Semiconductors,NL,269,133,8,0.39,2026-01-20,90,852352
MAT_0210,Rubber Sole Sheet EVA-RB S,Sole,Gomma Padana,IT,153,100,8,15.89,2026-01-18,67,400599
MAT_0211,Croslite Pellets Batch S,Components,Crocs Inc (supplied),US,722,365,34,8.4,2026-02-05,57,391400
MAT_0212,Thermoplastic Stiffener 1.2mm L,Components,Texon International,GB,231,117,17,3.43,2026-02-09,37,392190
MAT_0213,Flyknit Yarn 2.0 Volt v3,Yarn,Toray Industries,JP,1034,417,36,17.32,2026-01-23,62,540233
MAT_0214,Flyknit Yarn 2.0 Red Sage,Yarn,Toray Industries,JP,716,320,48,18.93,2025-12-05,35,540233
MAT_0215,TPU Film Matte 0.3mm Pro,Film,Covestro AG,DE,87,56,7,8.94,2026-01-08,43,392062
MAT_0216,Carbon Fiber Plate 1.0mm L,Composite,Toray Composite,JP,103,62,49,38.67,2026-01-25,6,681510
MAT_0217,Polyester Mesh 300D v3,Textile,Far Eastern Textile,TW,894,740,45,4.33,2025-12-22,88,600632
MAT_0218,Polyester Mesh 300D Teal,Textile,Far Eastern Textile,TW,381,709,43,3.65,2025-12-29,88,600632
MAT_0219,TPU Film Matte 0.3mm Ultra,Film,Covestro AG,DE,73,53,14,10.12,2025-12-10,20,392062
MAT_0220,Shoe Box 330x230 White v2,Packaging,Karteks Banja Luka,BA,294,161,3,0.67,2026-02-10,289,481910
MAT_0221,Flyknit Yarn 2.0 Black Cream,Yarn,Toray Industries,JP,305,397,37,17.07,2026-02-21,57,540233
MAT_0222,EVA Foam Sheet 12mm Ultra,Foam,Foam Italia,IT,119,104,9,4.91,2026-02-23,62,391590
MAT_0223,Rubber Sole Sheet EVA-RB Narrow,Sole,Gomma Padana,IT,435,185,14,12.72,2025-12-27,71,400599
MAT_0224,Flyknit Yarn 2.0 Volt S,Yarn,Toray Industries,JP,897,410,43,16.92,2026-02-17,51,540233
MAT_0225,Shoe Box 330x230 White S,Packaging,Karteks Banja Luka,BA,191,389,5,0.74,2026-02-09,418,481910
MAT_0226,PU Adhesive PU-400 M,Adhesive,Henkel AG,DE,68,91,15,18.91,2025-12-18,32,350691
MAT_0227,Flat Laces 120cm Lite,Accessories,Zecchetto Accessori,IT,620,381,16,1.01,2026-01-23,128,560790
MAT_0228,Flat Laces 120cm Ivory,Accessories,Zecchetto Accessori,IT,321,145,10,0.78,2026-02-25,78,560790
MAT_0229,Nylon Bonded Thread T-70 Lite,Thread,American & Efird,US,768,326,31,6.97,2025-12-24,56,540249
MAT_0230,Polyester Mesh 300D Ultra,Textile,Far Eastern Textile,TW,1168,747,41,3.84,2026-01-26,98,600632
MAT_0231,Rubber Sole Sheet CR L,Sole,Gomma Padana,IT,95,50,10,12.28,2026-02-13,26,400599
MAT_0232,EVA Foam Sheet 6mm Ultra,Foam,Foam Italia,IT,123,131,9,3.98,2026-01-12,78,391590
MAT_0233,Croslite Pellets Batch Narrow,Components,Crocs Inc (supplied),US,959,402,40,9.0,2026-02-23,54,391400
MAT_0234,Round Laces 110cm XL,Accessories,Zecchetto Accessori,IT,317,201,18,0.77,2025-12-29,60,560790
MAT_0235,Thermoplastic Stiffener 1.2mm Narrow,Components,Texon International,GB,307,150,15,3.58,2026-02-27,53,392190
MAT_0236,Flyknit Yarn 2.0 Red Cream,Yarn,Toray Industries,JP,186,305,47,21.76,2026-01-24,35,540233
MAT_0237,Croslite Pellets Batch Lite,Components,Crocs Inc (supplied),US,612,474,36,8.9,2026-01-04,71,391400
MAT_0238,Flyknit Yarn 2.0 Blue M,Yarn,Toray Industries,JP,717,321,52,17.66,2026-02-22,33,540233
MAT_0239,Flyknit Yarn 2.0 Black XL,Yarn,Toray Industries,JP,1231,683,47,18.73,2026-02-13,78,540233
MAT_0240,EVA Foam Sheet 8mm HD,Foam,Foam Italia,IT,333,223,14,3.63,2025-12-07,85,391590
MAT_0241,TPU Film Matte 0.3mm v2,Film,Covestro AG,DE,95,40,8,8.61,2026-02-19,27,392062
MAT_0242,TPU Film Clear 0.3mm v3,Film,Covestro AG,DE,93,53,14,10.72,2025-12-01,20,392062
MAT_0243,Flyknit Yarn 2.0 Blue XL,Yarn,Toray Industries,JP,473,311,42,18.6,2026-02-24,39,540233
MAT_0244,Round Laces 110cm Charcoal,Accessories,Zecchetto Accessori,IT,156,103,7,1.03,2026-02-21,79,560790
MAT_0245,Polyester Core Thread T-60 HD,Thread,Coats Group,GB,188,179,15,5.06,2025-12-19,64,540710
MAT_0246,TPU Film Clear 0.3mm Eco,Film,Covestro AG,DE,96,51,13,10.69,2025-12-12,21,392062
MAT_0247,NFC Tag NTAG213 S,Accessories,NXP Semiconductors,NL,682,1024,16,0.52,2025-12-07,344,852352
MAT_0248,Heel Counter Moulded XL,Components,Texon International,GB,417,222,12,2.91,2025-12-03,99,640610
MAT_0249,Thermoplastic Stiffener 1.2mm Lite,Components,Texon International,GB,158,130,15,3.45,2026-02-17,46,392190
MAT_0250,Hot Melt HM-200 Narrow,Adhesive,Henkel AG,DE,15,19,9,23.41,2026-02-13,11,350691
MAT_0251,Polyester Mesh 300D Wide,Textile,Far Eastern Textile,TW,1944,793,34,3.92,2026-02-24,125,600632
MAT_0252,Flyknit Yarn 2.0 White Olive,Yarn,Toray Industries,JP,1284,749,40,19.09,2026-01-11,100,540233
MAT_0253,Croslite Pellets Batch XL,Components,Crocs Inc (supplied),US,204,347,27,9.8,2026-01-28,69,391400
MAT_0254,Flat Laces 120cm Coral,Accessories,Zecchetto Accessori,IT,575,285,12,1.0,2026-02-16,128,560790
MAT_0255,NFC Tag NTAG213 v3,Accessories,NXP Semiconductors,NL,584,445,9,0.43,2025-12-30,266,852352
MAT_0256,TPU Film Clear 0.3mm S,Film,Covestro AG,DE,71,54,7,9.22,2026-01-13,42,392062
MAT_0257,Silica Gel 3g Sachet v2,Packaging,Shenzhen Minghui,CN,6938,4961,37,0.04,2025-12-10,722,381700
MAT_0258,TPU Film Clear 0.3mm Wide,Film,Covestro AG,DE,197,109,12,8.75,2025-12-07,49,392062
MAT_0259,Shoe Box 330x230 White L,Packaging,Karteks Banja Luka,BA,391,201,3,0.72,2026-01-13,360,481910
MAT_0260,TPU Film Matte 0.3mm HD,Film,Covestro AG,DE,78,40,10,8.42,2026-01-03,21,392062
MAT_0261,TPU Film Matte 0.3mm Wide,Film,Covestro AG,DE,63,87,9,8.35,2026-02-02,52,392062
MAT_0262,Rubber Sole Sheet CR v3,Sole,Gomma Padana,IT,158,207,17,13.95,2025-12-23,65,400599
MAT_0263,Polyester Mesh 300D Charcoal,Textile,Far Eastern Textile,TW,417,763,47,3.4,2025-12-27,87,600632
MAT_0264,Heel Counter Moulded HD,Components,Texon International,GB,159,176,15,3.18,2025-12-16,63,640610
MAT_0265,Rubber Sole Sheet EVA-RB v3,Sole,Gomma Padana,IT,63,70,9,13.99,2025-12-09,42,400599
MAT_0266,EVA Foam Sheet 8mm L,Foam,Foam Italia,IT,478,239,17,4.02,2026-02-06,75,391590
MAT_0267,Flyknit Yarn 2.0 White L,Yarn,Toray Industries,JP,2028,812,45,19.57,2026-01-17,97,540233
MAT_0268,Tissue Paper White 50x75 Ultra,Packaging,Zhejiang Paper,CN,3002,5263,35,0.09,2026-01-17,809,480300
MAT_0269,Polyester Core Thread T-60 XL,Thread,Coats Group,GB,162,102,15,5.93,2025-12-22,36,540710
MAT_0270,NFC Tag NTAG213 HD,Accessories,NXP Semiconductors,NL,549,252,9,0.4,2025-12-19,150,852352
MAT_0271,Heel Counter Moulded Wide,Components,Texon International,GB,241,194,20,3.25,2025-12-23,52,640610
MAT_0272,Polyester Mesh 300D XL,Textile,Far Eastern Textile,TW,636,623,50,4.48,2026-01-09,67,600632
MAT_0273,TPU Film Matte 0.3mm Beige,Film,Covestro AG,DE,95,77,8,8.18,2026-02-22,51,392062
MAT_0274,Flyknit Yarn 2.0 Red Moss,Yarn,Toray Industries,JP,173,182,39,17.24,2025-12-17,25,540233
MAT_0275,EVA Foam Sheet 6mm L,Foam,Foam Italia,IT,149,156,9,3.6,2026-02-27,93,391590
MAT_0276,PU Adhesive PU-400 L,Adhesive,Henkel AG,DE,105,88,12,15.02,2025-12-21,39,350691
MAT_0277,TPU Film Matte 0.3mm S,Film,Covestro AG,DE,116,139,14,9.87,2026-02-24,53,392062
MAT_0278,Flyknit Yarn 2.0 Blue HD,Yarn,Toray Industries,JP,722,367,52,16.39,2026-02-14,38,540233
MAT_0279,TPU Film Clear 0.3mm Slate,Film,Covestro AG,DE,190,109,10,9.16,2025-12-24,59,392062
MAT_0280,EVA Foam Sheet 12mm Pro,Foam,Foam Italia,IT,204,106,11,5.98,2026-02-20,52,391590
MAT_0281,Thermoplastic Stiffener 1.2mm S,Components,Texon International,GB,109,80,12,3.55,2026-02-11,36,392190
MAT_0282,NFC Tag NTAG213 XL,Accessories,NXP Semiconductors,NL,200,294,10,0.43,2026-02-25,158,852352
MAT_0283,Round Laces 110cm Coral,Accessories,Zecchetto Accessori,IT,139,188,17,0.89,2025-12-19,59,560790
MAT_0284,Silica Gel 3g Sachet HD,Packaging,Shenzhen Minghui,CN,17784,8152,39,0.03,2025-12-14,1125,381700
MAT_0285,Flyknit Yarn 2.0 Volt Teal,Yarn,Toray Industries,JP,390,230,36,21.92,2026-01-11,34,540233
MAT_0286,Thermoplastic Stiffener 1.2mm v2,Components,Texon International,GB,232,175,11,3.93,2025-12-25,85,392190
MAT_0287,Flyknit Yarn 2.0 White M,Yarn,Toray Industries,JP,1574,798,46,20.21,2026-01-03,93,540233
MAT_0288,Polyester Mesh 300D v2,Textile,Far Eastern Textile,TW,1097,676,44,3.55,2026-01-14,82,600632
MAT_0289,Flyknit Yarn 2.0 Red HD,Yarn,Toray Industries,JP,527,271,51,21.99,2026-02-02,28,540233
MAT_0290,Nylon Bonded Thread T-70 XL,Thread,American & Efird,US,576,301,32,5.95,2025-12-04,50,540249
MAT_0291,Rubber Sole Sheet EVA-RB Pro,Sole,Gomma Padana,IT,69,55,12,16.5,2026-01-04,24,400599
MAT_0292,Flyknit Yarn 2.0 Blue Charcoal,Yarn,Toray Industries,JP,735,326,47,20.94,2025-12-02,37,540233
MAT_0293,Heel Counter Moulded L,Components,Texon International,GB,141,313,21,2.97,2025-12-16,80,640610
MAT_0294,Tissue Paper White 50x75 Lite,Packaging,Zhejiang Paper,CN,2234,4807,30,0.08,2025-12-15,862,480300
MAT_0295,Carbon Fiber Plate 1.0mm Ultra,Composite,Toray Composite,JP,368,166,46,39.05,2026-02-05,19,681510
MAT_0296,Flyknit Yarn 2.0 Blue Beige,Yarn,Toray Industries,JP,486,550,51,19.27,2026-02-06,58,540233
MAT_0297,Shoe Box 330x230 White Pro,Packaging,Karteks Banja Luka,BA,440,315,5,0.77,2026-01-11,339,481910
MAT_0298,EVA Foam Sheet 8mm v2,Foam,Foam Italia,IT,719,342,14,3.87,2026-02-22,131,391590
MAT_0299,EVA Foam Sheet 8mm M,Foam,Foam Italia,IT,497,453,18,4.9,2025-12-16,135,391590
MAT_0300,TPU Film Clear 0.3mm Beige,Film,Covestro AG,DE,101,41,10,7.93,2026-02-21,22,392062
MAT_0301,Flyknit Yarn 2.0 Volt Grey,Yarn,Toray Industries,JP,684,338,37,21.65,2026-02-24,49,540233
MAT_0302,Flyknit Yarn 2.0 Volt Coral,Yarn,Toray Industries,JP,228,249,51,17.88,2025-12-18,26,540233
MAT_0303,Flyknit Yarn 2.0 Red M,Yarn,Toray Industries,JP,1161,579,53,20.49,2026-02-21,58,540233
MAT_0304,TPU Film Matte 0.3mm Plum,Film,Covestro AG,DE,75,74,8,10.26,2025-12-02,50,392062
MAT_0305,Tissue Paper White 50x75 Pro,Packaging,Zhejiang Paper,CN,3982,2192,35,0.09,2025-12-28,337,480300
MAT_0306,Rubber Sole Sheet CR HD,Sole,Gomma Padana,IT,315,204,15,11.66,2026-02-24,73,400599
MAT_0307,NFC Tag NTAG213 v2,Accessories,NXP Semiconductors,NL,810,537,13,0.53,2026-01-01,222,852352
MAT_0308,Hot Melt HM-200 v3,Adhesive,Henkel AG,DE,39,30,12,20.37,2026-02-27,13,350691
MAT_0309,EVA Foam Sheet 12mm Narrow,Foam,Foam Italia,IT,251,144,9,4.63,2026-01-29,86,391590
MAT_0310,Polyester Mesh 150D Narrow,Textile,Far Eastern Textile,TW,2567,1028,40,3.57,2025-12-18,138,600632
MAT_0311,TPU Film Matte 0.3mm M,Film,Covestro AG,DE,131,53,12,8.81,2026-01-07,24,392062
MAT_0312,Flyknit Yarn 2.0 Black S,Yarn,Toray Industries,JP,1837,779,46,19.86,2026-01-30,91,540233
MAT_0313,Polyester Mesh 150D L,Textile,Far Eastern Textile,TW,1186,1229,50,3.73,2026-02-24,132,600632
MAT_0314,Metal Eyelets 8mm Nickel Pro,Accessories,Global Trim,CN,4157,3799,42,0.12,2026-01-29,487,830890
MAT_0315,Metal Eyelets 8mm Nickel Coral,Accessories,Global Trim,CN,1888,2150,33,0.14,2026-02-18,350,830890
MAT_0316,TPU Film Clear 0.3mm Sage,Film,Covestro AG,DE,79,81,9,8.21,2025-12-28,48,392062
MAT_0317,Flyknit Yarn 2.0 White Grey,Yarn,Toray Industries,JP,135,186,35,19.18,2025-12-14,28,540233
MAT_0318,Croslite Pellets Batch Ultra,Components,Crocs Inc (supplied),US,270,174,34,7.26,2025-12-09,27,391400
MAT_0319,EVA Foam Sheet 12mm M,Foam,Foam Italia,IT,198,193,14,6.04,2025-12-08,74,391590
MAT_0320,Flat Laces 120cm L,Accessories,Zecchetto Accessori,IT,191,101,8,0.79,2026-01-27,68,560790
MAT_0321,Hot Melt HM-200 Pro,Adhesive,Henkel AG,DE,134,71,11,23.4,2025-12-17,34,350691
MAT_0322,Flyknit Yarn 2.0 White Rust,Yarn,Toray Industries,JP,187,383,44,19.31,2025-12-13,46,540233
MAT_0323,TPU Film Clear 0.3mm Rust,Film,Covestro AG,DE,25,58,12,10.57,2025-12-07,26,392062
MAT_0324,Flyknit Yarn 2.0 Blue Wide,Yarn,Toray Industries,JP,1081,695,55,21.71,2025-12-19,68,540233
MAT_0325,Flyknit Yarn 2.0 Volt Rust,Yarn,Toray Industries,JP,683,427,45,20.23,2026-01-21,51,540233
MAT_0326,Metal Eyelets 8mm Nickel Ivory,Accessories,Global Trim,CN,7949,3642,41,0.11,2026-01-12,478,830890
MAT_0327,Flat Laces 120cm XL,Accessories,Zecchetto Accessori,IT,408,348,8,0.82,2025-12-24,234,560790
MAT_0328,TPU Film Matte 0.3mm L,Film,Covestro AG,DE,123,56,7,11.09,2026-02-08,43,392062
MAT_0329,Silica Gel 3g Sachet v3,Packaging,Shenzhen Minghui,CN,16051,6842,43,0.03,2026-02-16,856,381700
MAT_0330,PU Adhesive PU-400 HD,Adhesive,Henkel AG,DE,126,58,13,15.2,2025-12-24,24,350691
MAT_0331,Metal Eyelets 8mm Nickel Rust,Accessories,Global Trim,CN,2350,3654,34,0.12,2026-01-01,578,830890
MAT_0332,Flat Laces 120cm Olive,Accessories,Zecchetto Accessori,IT,273,273,8,0.77,2026-02-23,183,560790
MAT_0333,Nylon Bonded Thread T-70 Eco,Thread,American & Efird,US,47,110,30,7.01,2026-01-18,19,540249
MAT_0334,Polyester Mesh 150D Lite,Textile,Far Eastern Textile,TW,1127,745,30,3.16,2026-01-25,133,600632
MAT_0335,TPU Film Matte 0.3mm v3,Film,Covestro AG,DE,44,35,7,9.68,2025-12-24,27,392062
MAT_0336,EVA Foam Sheet 8mm Wide,Foam,Foam Italia,IT,256,128,18,4.96,2026-01-05,38,391590
MAT_0337,Round Laces 110cm Plum,Accessories,Zecchetto Accessori,IT,1493,607,16,0.96,2025-12-24,204,560790
MAT_0338,EVA Foam Sheet 12mm L,Foam,Foam Italia,IT,86,40,7,6.1,2026-01-18,31,391590
MAT_0339,Flat Laces 120cm Sage,Accessories,Zecchetto Accessori,IT,331,139,9,0.86,2026-02-23,83,560790
MAT_0340,EVA Foam Sheet 6mm Wide,Foam,Foam Italia,IT,308,131,13,3.35,2025-12-25,54,391590
MAT_0341,Metal Eyelets 8mm Nickel Narrow,Accessories,Global Trim,CN,3849,2870,41,0.11,2025-12-13,377,830890
MAT_0342,Flyknit Yarn 2.0 Black Eco,Yarn,Toray Industries,JP,1150,633,44,17.02,2026-02-11,77,540233
MAT_0343,Hot Melt HM-200 Eco,Adhesive,Henkel AG,DE,107,47,9,25.27,2026-02-08,28,350691
MAT_0344,NFC Tag NTAG213 Sage,Accessories,NXP Semiconductors,NL,485,232,10,0.5,2025-12-09,125,852352
MAT_0345,Shoe Box 330x230 White XL,Packaging,Karteks Banja Luka,BA,272,244,4,0.79,2025-12-01,329,481910
MAT_0346,Metal Eyelets 8mm Nickel Navy,Accessories,Global Trim,CN,2738,1623,38,0.12,2026-01-28,230,830890
MAT_0347,Tissue Paper White 50x75 M,Packaging,Zhejiang Paper,CN,2242,2300,30,0.07,2025-12-16,412,480300
MAT_0348,Polyester Mesh 300D Cream,Textile,Far Eastern Textile,TW,497,457,37,3.74,2026-01-29,66,600632
MAT_0349,Flyknit Yarn 2.0 Volt v2,Yarn,Toray Industries,JP,1205,513,47,17.49,2025-12-01,58,540233
MAT_0350,Metal Eyelets 8mm Nickel M,Accessories,Global Trim,CN,8579,3762,41,0.13,2025-12-14,494,830890
MAT_0351,TPU Film Clear 0.3mm v2,Film,Covestro AG,DE,178,76,13,10.19,2026-01-15,31,392062
MAT_0352,Flyknit Yarn 2.0 Volt Ivory,Yarn,Toray Industries,JP,920,553,50,16.38,2025-12-18,59,540233
MAT_0353,EVA Foam Sheet 6mm HD,Foam,Foam Italia,IT,68,56,7,3.83,2025-12-14,43,391590
MAT_0354,Thermoplastic Stiffener 1.2mm Wide,Components,Texon International,GB,171,118,16,3.49,2026-02-23,39,392190
MAT_0355,Flyknit Yarn 2.0 Red Olive,Yarn,Toray Industries,JP,292,180,39,19.44,2025-12-17,24,540233
MAT_0356,Round Laces 110cm S,Accessories,Zecchetto Accessori,IT,524,317,10,0.94,2026-02-22,170,560790
MAT_0357,Flyknit Yarn 2.0 Volt Lite,Yarn,Toray Industries,JP,992,419,42,17.87,2026-02-17,53,540233
MAT_0358,Polyester Mesh 150D M,Textile,Far Eastern Textile,TW,1259,660,33,3.08,2026-01-15,107,600632
MAT_0359,Flat Laces 120cm Narrow,Accessories,Zecchetto Accessori,IT,499,209,14,0.75,2025-12-07,80,560790
MAT_0360,TPU Film Clear 0.3mm Ultra,Film,Covestro AG,DE,54,114,12,8.45,2026-02-22,51,392062
MAT_0361,Shoe Box 330x230 White Ultra,Packaging,Karteks Banja Luka,BA,108,92,4,0.69,2026-01-10,124,481910
MAT_0362,Polyester Mesh 150D Eco,Textile,Far Eastern Textile,TW,565,465,36,2.94,2026-01-03,69,600632
MAT_0363,Hot Melt HM-200 v2,Adhesive,Henkel AG,DE,74,39,8,24.49,2025-12-15,26,350691
MAT_0364,Flyknit Yarn 2.0 Blue Pro,Yarn,Toray Industries,JP,1101,495,47,19.8,2025-12-15,56,540233
MAT_0365,Flyknit Yarn 2.0 White Navy,Yarn,Toray Industries,JP,1453,825,46,16.85,2026-01-15,96,540233
MAT_0366,Nylon Bonded Thread T-70 L,Thread,American & Efird,US,175,173,39,7.26,2026-02-10,23,540249
MAT_0367,Shoe Box 310x210 Kraft v3,Packaging,Karteks Banja Luka,BA,142,74,3,0.57,2026-01-04,134,481910
MAT_0368,Flyknit Yarn 2.0 Volt Plum,Yarn,Toray Industries,JP,960,420,45,19.02,2026-01-04,50,540233
MAT_0369,Carbon Fiber Plate 1.0mm v2,Composite,Toray Composite,JP,59,78,38,43.8,2026-02-18,11,681510
MAT_0370,Tissue Paper White 50x75 Narrow,Packaging,Zhejiang Paper,CN,1679,2954,30,0.07,2026-02-01,530,480300
MAT_0371,Polyester Mesh 150D Ultra,Textile,Far Eastern Textile,TW,533,369,32,2.95,2026-01-07,62,600632
MAT_0372,Carbon Fiber Plate 1.0mm Wide,Composite,Toray Composite,JP,208,94,37,40.43,2025-12-28,13,681510
MAT_0373,Shoe Box 310x210 Kraft v2,Packaging,Karteks Banja Luka,BA,107,107,4,0.55,2025-12-25,144,481910
MAT_0374,Flyknit Yarn 2.0 Blue Slate,Yarn,Toray Industries,JP,575,444,52,17.34,2026-02-02,46,540233
MAT_0375,Flyknit Yarn 2.0 Black Ultra,Yarn,Toray Industries,JP,462,909,55,16.7,2026-02-02,89,540233
MAT_0376,Rubber Sole Sheet EVA-RB Lite,Sole,Gomma Padana,IT,99,107,15,13.96,2026-01-31,38,400599
MAT_0377,Polyester Mesh 150D v3,Textile,Far Eastern Textile,TW,734,297,36,2.73,2025-12-22,44,600632
MAT_0378,Polyester Mesh 300D Sand,Textile,Far Eastern Textile,TW,1520,765,45,3.33,2025-12-14,91,600632
MAT_0379,Rubber Sole Sheet EVA-RB v2,Sole,Gomma Padana,IT,206,259,18,14.6,2026-02-05,77,400599
MAT_0380,Metal Eyelets 8mm Nickel Sand,Accessories,Global Trim,CN,7081,3574,38,0.13,2026-01-17,506,830890
MAT_0381,TPU Film Matte 0.3mm Teal,Film,Covestro AG,DE,139,59,12,8.97,2026-01-10,26,392062
MAT_0382,NFC Tag NTAG213 L,Accessories,NXP Semiconductors,NL,247,457,16,0.4,2026-01-12,153,852352
MAT_0383,Flyknit Yarn 2.0 Red Wide,Yarn,Toray Industries,JP,225,373,37,17.28,2026-02-14,54,540233
MAT_0384,Flyknit Yarn 2.0 Blue Lite,Yarn,Toray Industries,JP,836,512,41,20.35,2026-02-11,67,540233
MAT_0385,Silica Gel 3g Sachet Lite,Packaging,Shenzhen Minghui,CN,6790,8231,37,0.03,2026-02-13,1197,381700
MAT_0386,Flyknit Yarn 2.0 White Teal,Yarn,Toray Industries,JP,1057,594,43,19.18,2026-01-03,74,540233
MAT_0387,Tissue Paper White 50x75 XL,Packaging,Zhejiang Paper,CN,2715,1801,31,0.08,2026-02-03,312,480300
MAT_0388,Nylon Bonded Thread T-70 S,Thread,American & Efird,US,245,115,25,6.87,2025-12-24,24,540249
MAT_0389,Carbon Fiber Plate 1.0mm v3,Composite,Toray Composite,JP,53,66,42,39.04,2026-02-13,8,681510
MAT_0390,Carbon Fiber Plate 1.0mm Narrow,Composite,Toray Composite,JP,113,102,54,46.21,2026-02-18,10,681510
MAT_0391,EVA Foam Sheet 8mm XL,Foam,Foam Italia,IT,308,132,9,4.98,2026-02-23,79,391590
MAT_0392,Metal Eyelets 8mm Nickel XL,Accessories,Global Trim,CN,1815,3853,40,0.11,2026-01-14,518,830890
MAT_0393,Flyknit Yarn 2.0 White Ultra,Yarn,Toray Industries,JP,910,664,51,21.44,2026-01-01,70,540233
MAT_0394,NFC Tag NTAG213 M,Accessories,NXP Semiconductors,NL,1155,674,15,0.41,2026-01-26,242,852352
MAT_0395,Polyester Mesh 300D L,Textile,Far Eastern Textile,TW,1603,749,33,4.44,2026-02-05,122,600632
MAT_0396,Nylon Bonded Thread T-70 v2,Thread,American & Efird,US,246,207,27,7.7,2025-12-20,41,540249
MAT_0397,Metal Eyelets 8mm Nickel Teal,Accessories,Global Trim,CN,3645,2418,43,0.12,2026-02-05,302,830890
MAT_0398,Flyknit Yarn 2.0 Blue v2,Yarn,Toray Industries,JP,354,348,55,16.94,2026-01-10,34,540233
MAT_0399,NFC Tag NTAG213 Teal,Accessories,NXP Semiconductors,NL,1192,643,10,0.48,2026-02-02,346,852352
MAT_0400,Polyester Mesh 150D Coral,Textile,Far Eastern Textile,TW,1706,867,42,2.75,2025-12-29,111,600632
MAT_0401,Flat Laces 120cm Moss,Accessories,Zecchetto Accessori,IT,153,355,8,0.92,2025-12-31,239,560790
MAT_0402,NFC Tag NTAG213 Ivory,Accessories,NXP Semiconductors,NL,2241,956,16,0.49,2026-02-17,321,852352
MAT_0403,Flyknit Yarn 2.0 Black Lite,Yarn,Toray Industries,JP,343,276,39,17.89,2026-01-18,38,540233
MAT_0404,Flyknit Yarn 2.0 Red XL,Yarn,Toray Industries,JP,227,223,53,20.27,2025-12-24,22,540233
MAT_0405,Round Laces 110cm v2,Accessories,Zecchetto Accessori,IT,629,498,13,0.89,2025-12-05,206,560790
MAT_0406,Silica Gel 3g Sachet L,Packaging,Shenzhen Minghui,CN,14808,7320,38,0.03,2026-01-15,1037,381700
MAT_0407,Flyknit Yarn 2.0 Volt Olive,Yarn,Toray Industries,JP,1145,538,45,17.46,2025-12-08,64,540233
MAT_0408,Round Laces 110cm L,Accessories,Zecchetto Accessori,IT,314,244,9,1.06,2025-12-26,146,560790
MAT_0409,NFC Tag NTAG213 Eco,Accessories,NXP Semiconductors,NL,665,461,16,0.43,2026-02-20,155,852352
MAT_0410,Polyester Mesh 150D Rust,Textile,Far Eastern Textile,TW,2118,1180,48,3.54,2026-02-12,132,600632
MAT_0411,Round Laces 110cm Sand,Accessories,Zecchetto Accessori,IT,456,211,16,0.94,2026-02-07,71,560790
MAT_0412,Shoe Box 310x210 Kraft Lite,Packaging,Karteks Banja Luka,BA,216,156,3,0.64,2026-01-23,281,481910
MAT_0413,TPU Film Clear 0.3mm Pro,Film,Covestro AG,DE,33,48,9,10.71,2026-02-05,28,392062
MAT_0414,Flyknit Yarn 2.0 Black Narrow,Yarn,Toray Industries,JP,311,733,39,18.98,2026-01-21,101,540233
MAT_0415,NFC Tag NTAG213 Lite,Accessories,NXP Semiconductors,NL,363,483,14,0.51,2026-01-22,185,852352
MAT_0416,Heel Counter Moulded S,Components,Texon International,GB,378,368,20,2.77,2026-02-27,99,640610
MAT_0417,Shoe Box 310x210 Kraft HD,Packaging,Karteks Banja Luka,BA,223,139,2,0.62,2025-12-01,374,481910
MAT_0418,NFC Tag NTAG213 Beige,Accessories,NXP Semiconductors,NL,652,783,14,0.44,2025-12-21,301,852352
MAT_0419,TPU Film Clear 0.3mm L,Film,Covestro AG,DE,75,35,7,7.75,2025-12-25,27,392062
MAT_0420,Nylon Bonded Thread T-70 Pro,Thread,American & Efird,US,185,304,37,6.72,2025-12-08,44,540249
MAT_0421,Shoe Box 310x210 Kraft S,Packaging,Karteks Banja Luka,BA,189,104,2,0.71,2026-02-23,280,481910
MAT_0422,Metal Eyelets 8mm Nickel Beige,Accessories,Global Trim,CN,2748,1580,42,0.11,2026-02-18,202,830890
MAT_0423,TPU Film Matte 0.3mm Eco,Film,Covestro AG,DE,93,61,8,10.27,2026-01-07,41,392062
MAT_0424,Flyknit Yarn 2.0 Red Slate,Yarn,Toray Industries,JP,585,290,46,20.1,2025-12-29,33,540233
MAT_0425,Flat Laces 120cm v2,Accessories,Zecchetto Accessori,IT,164,151,10,0.9,2026-02-06,81,560790
MAT_0426,Flyknit Yarn 2.0 Black Beige,Yarn,Toray Industries,JP,129,281,53,20.22,2026-01-16,28,540233
MAT_0427,Flyknit Yarn 2.0 Blue Narrow,Yarn,Toray Industries,JP,366,425,55,20.62,2025-12-16,41,540233
MAT_0428,EVA Foam Sheet 8mm Narrow,Foam,Foam Italia,IT,512,279,12,4.25,2026-01-27,125,391590
MAT_0429,Flat Laces 120cm Teal,Accessories,Zecchetto Accessori,IT,538,411,11,0.74,2026-01-10,201,560790
MAT_0430,Tissue Paper White 50x75 v3,Packaging,Zhejiang Paper,CN,6270,3148,36,0.09,2026-02-03,471,480300
MAT_0431,EVA Foam Sheet 6mm Pro,Foam,Foam Italia,IT,96,76,13,3.65,2025-12-15,31,391590
MAT_0432,PU Adhesive PU-400 XL,Adhesive,Henkel AG,DE,40,26,8,13.61,2026-02-19,17,350691
MAT_0433,Shoe Box 310x210 Kraft Pro,Packaging,Karteks Banja Luka,BA,274,112,4,0.72,2026-01-23,151,481910
MAT_0434,Flyknit Yarn 2.0 Blue Teal,Yarn,Toray Industries,JP,255,352,46,20.19,2025-12-16,41,540233
MAT_0435,NFC Tag NTAG213 Cream,Accessories,NXP Semiconductors,NL,290,177,9,0.49,2026-02-05,106,852352
MAT_0436,NFC Tag NTAG213 Narrow,Accessories,NXP Semiconductors,NL,327,565,14,0.49,2026-01-30,217,852352
MAT_0437,Round Laces 110cm Ivory,Accessories,Zecchetto Accessori,IT,247,117,7,1.08,2025-12-01,90,560790
MAT_0438,Flyknit Yarn 2.0 Blue S,Yarn,Toray Industries,JP,304,205,44,20.87,2025-12-08,25,540233
MAT_0439,Silica Gel 3g Sachet S,Packaging,Shenzhen Minghui,CN,8951,5048,36,0.04,2025-12-17,755,381700
MAT_0440,TPU Film Clear 0.3mm HD,Film,Covestro AG,DE,41,77,9,7.96,2025-12-23,46,392062
MAT_0441,TPU Film Matte 0.3mm Narrow,Film,Covestro AG,DE,95,104,12,8.31,2026-01-06,47,392062
MAT_0442,Nylon Bonded Thread T-70 v3,Thread,American & Efird,US,324,299,28,7.14,2026-02-19,57,540249
MAT_0443,Flyknit Yarn 2.0 Black Pro,Yarn,Toray Industries,JP,221,237,42,20.84,2026-01-24,30,540233
MAT_0444,TPU Film Matte 0.3mm Sage,Film,Covestro AG,DE,84,107,15,10.31,2026-02-27,38,392062
MAT_0445,Shoe Box 310x210 Kraft Ultra,Packaging,Karteks Banja Luka,BA,294,220,3,0.7,2026-01-24,395,481910
MAT_0446,Heel Counter Moulded Pro,Components,Texon International,GB,145,171,12,2.87,2026-02-14,77,640610
MAT_0447,EVA Foam Sheet 12mm S,Foam,Foam Italia,IT,278,221,17,5.0,2026-01-01,70,391590
MAT_0448,TPU Film Clear 0.3mm Moss,Film,Covestro AG,DE,73,35,11,9.06,2025-12-04,17,392062
MAT_0449,Thermoplastic Stiffener 1.2mm HD,Components,Texon International,GB,716,328,21,4.05,2026-01-24,84,392190
MAT_0450,Round Laces 110cm Beige,Accessories,Zecchetto Accessori,IT,107,142,8,0.89,2025-12-06,95,560790
MAT_0451,Shoe Box 330x230 White M,Packaging,Karteks Banja Luka,BA,349,192,3,0.85,2026-01-01,344,481910
MAT_0452,Flyknit Yarn 2.0 Black M,Yarn,Toray Industries,JP,1081,608,41,17.38,2026-02-27,79,540233
MAT_0453,Flyknit Yarn 2.0 Black Slate,Yarn,Toray Industries,JP,457,214,38,22.17,2026-01-22,30,540233
MAT_0454,NFC Tag NTAG213 Rust,Accessories,NXP Semiconductors,NL,1239,655,13,0.54,2026-01-09,271,852352
MAT_0455,Metal Eyelets 8mm Nickel Ultra,Accessories,Global Trim,CN,1544,2964,43,0.11,2026-02-12,371,830890
MAT_0456,Polyester Mesh 300D Olive,Textile,Far Eastern Textile,TW,1147,652,40,3.27,2025-12-27,87,600632
MAT_0457,Polyester Mesh 300D HD,Textile,Far Eastern Textile,TW,1308,624,33,4.24,2026-02-15,101,600632
MAT_0458,TPU Film Clear 0.3mm Ivory,Film,Covestro AG,DE,93,63,9,9.17,2026-02-18,38,392062
MAT_0459,Polyester Mesh 300D Navy,Textile,Far Eastern Textile,TW,979,436,35,3.97,2025-12-18,67,600632
MAT_0460,Rubber Sole Sheet CR v2,Sole,Gomma Padana,IT,181,127,18,13.04,2025-12-29,38,400599
MAT_0461,TPU Film Clear 0.3mm Grey,Film,Covestro AG,DE,36,26,7,9.84,2025-12-15,20,392062
MAT_0462,Polyester Core Thread T-60 Pro,Thread,Coats Group,GB,113,105,14,6.59,2026-01-11,40,540710
MAT_0463,Flat Laces 120cm Grey,Accessories,Zecchetto Accessori,IT,652,261,12,1.0,2026-02-05,117,560790
MAT_0464,TPU Film Clear 0.3mm Narrow,Film,Covestro AG,DE,17,41,7,7.92,2025-12-03,31,392062
MAT_0465,Flat Laces 120cm Sand,Accessories,Zecchetto Accessori,IT,635,353,13,0.89,2025-12-29,146,560790
MAT_0466,Metal Eyelets 8mm Nickel Eco,Accessories,Global Trim,CN,10542,4511,45,0.11,2025-12-30,539,830890
MAT_0467,Metal Eyelets 8mm Nickel v2,Accessories,Global Trim,CN,7170,2932,34,0.11,2026-01-01,464,830890
MAT_0468,Flyknit Yarn 2.0 Black Plum,Yarn,Toray Industries,JP,535,289,50,21.73,2026-02-18,31,540233
MAT_0469,Flat Laces 120cm HD,Accessories,Zecchetto Accessori,IT,461,200,7,0.97,2026-02-23,154,560790
MAT_0470,PU Adhesive PU-400 Eco,Adhesive,Henkel AG,DE,46,26,9,16.43,2025-12-01,15,350691
MAT_0471,Flyknit Yarn 2.0 Red Eco,Yarn,Toray Industries,JP,428,284,42,20.32,2026-02-14,36,540233
MAT_0472,Flyknit Yarn 2.0 Black Olive,Yarn,Toray Industries,JP,2278,993,55,20.79,2026-02-25,97,540233
MAT_0473,Hot Melt HM-200 Lite,Adhesive,Henkel AG,DE,56,43,10,22.95,2026-01-09,23,350691
MAT_0474,Round Laces 110cm Cream,Accessories,Zecchetto Accessori,IT,553,256,11,0.94,2025-12-27,125,560790
MAT_0475,Round Laces 110cm Lite,Accessories,Zecchetto Accessori,IT,894,455,15,1.0,2025-12-19,163,560790
MAT_0476,Flyknit Yarn 2.0 Black HD,Yarn,Toray Industries,JP,637,648,45,20.97,2026-01-12,77,540233
MAT_0477,EVA Foam Sheet 8mm Eco,Foam,Foam Italia,IT,166,230,15,4.31,2026-02-18,82,391590
MAT_0478,NFC Tag NTAG213 Ultra,Accessories,NXP Semiconductors,NL,608,432,13,0.42,2026-01-17,179,852352
MAT_0479,NFC Tag NTAG213 Sand,Accessories,NXP Semiconductors,NL,363,251,8,0.46,2025-12-18,168,852352
MAT_0480,Metal Eyelets 8mm Nickel Cream,Accessories,Global Trim,CN,8437,3822,35,0.11,2025-12-17,588,830890
MAT_0481,Flyknit Yarn 2.0 Red Charcoal,Yarn,Toray Industries,JP,225,169,39,20.99,2026-01-31,23,540233
MAT_0482,Polyester Mesh 300D Slate,Textile,Far Eastern Textile,TW,809,412,38,4.32,2026-02-14,58,600632
MAT_0483,Flat Laces 120cm Beige,Accessories,Zecchetto Accessori,IT,633,281,7,1.02,2026-01-31,216,560790
MAT_0484,Polyester Mesh 150D Sand,Textile,Far Eastern Textile,TW,2010,886,43,3.09,2025-12-08,110,600632
MAT_0485,Polyester Core Thread T-60 v3,Thread,Coats Group,GB,370,164,20,6.29,2026-02-09,44,540710
MAT_0486,NFC Tag NTAG213 Plum,Accessories,NXP Semiconductors,NL,313,246,10,0.4,2025-12-29,132,852352
MAT_0487,TPU Film Matte 0.3mm Cream,Film,Covestro AG,DE,103,114,15,10.92,2026-02-05,41,392062
MAT_0488,Flyknit Yarn 2.0 Blue Grey,Yarn,Toray Industries,JP,522,367,50,16.92,2026-02-19,39,540233
MAT_0489,Flyknit Yarn 2.0 White Ivory,Yarn,Toray Industries,JP,661,513,39,16.06,2025-12-23,70,540233
MAT_0490,Flyknit Yarn 2.0 White v2,Yarn,Toray Industries,JP,1056,658,36,18.21,2026-02-06,98,540233
MAT_0491,NFC Tag NTAG213 Pro,Accessories,NXP Semiconductors,NL,1802,867,15,0.45,2025-12-13,311,852352
MAT_0492,Round Laces 110cm Moss,Accessories,Zecchetto Accessori,IT,1184,572,18,0.85,2025-12-19,171,560790
MAT_0493,Flyknit Yarn 2.0 Black Navy,Yarn,Toray Industries,JP,902,859,50,17.34,2026-01-07,92,540233
MAT_0494,Tissue Paper White 50x75 Eco,Packaging,Zhejiang Paper,CN,6719,2861,35,0.08,2026-02-06,440,480300
MAT_0495,Flyknit Yarn 2.0 Volt Beige,Yarn,Toray Industries,JP,647,585,52,16.54,2026-01-13,60,540233
MAT_0496,Flat Laces 120cm Pro,Accessories,Zecchetto Accessori,IT,168,291,8,0.75,2025-12-04,196,560790
MAT_0497,Flat Laces 120cm M,Accessories,Zecchetto Accessori,IT,1211,516,18,0.79,2026-02-10,154,560790
MAT_0498,Round Laces 110cm Pro,Accessories,Zecchetto Accessori,IT,132,296,15,0.83,2025-12-16,106,560790
MAT_0499,EVA Foam Sheet 8mm Lite,Foam,Foam Italia,IT,204,210,14,4.71,2026-02-16,80,391590
MAT_0500,Flyknit Yarn 2.0 White Coral,Yarn,Toray Industries,JP,1901,916,48,19.48,2025-12-06,102,540233
